<?xml version="1.0" encoding="utf-8" standalone="no"?>
<!DOCTYPE dotfuscator SYSTEM "http://www.preemptive.com/dotfuscator/dtd/dotfuscator_v2.1.dtd">
<dotfuscator version="2.1">
  <!--This is application generated code. Do not edit manually.-->
  <input>
    <asmlist>
      <inputassembly>
        <file dir="C:\Visual Studio Projects\Inecom SDK Reporting Package V05.01.2007\Inecom SDK Reporting Package\bin" name="LicenseLib.dll" />
      </inputassembly>
      <inputassembly>
        <file dir="C:\Visual Studio Projects\Inecom SDK Reporting Package V05.01.2007\Inecom SDK Reporting Package\bin" name="Inecom SDK Reporting Package.exe" />
      </inputassembly>
      <inputassembly>
        <file dir="C:\Visual Studio Projects\Inecom SDK Reporting Package V05.01.2007\Inecom SDK Reporting Package\bin" name="LicenseClient.dll" />
      </inputassembly>
    </asmlist>
  </input>
  <output>
    <file dir="${configdir}\Dotfuscated" />
  </output>
  <renaming>
    <excludelist>
      <type name="Inecom_SDK_Reporting_Package.AR_SOA_SCL" />
      <type name="Inecom_SDK_Reporting_Package.IncomingPayment" />
      <type name="Inecom_SDK_Reporting_Package.MRPDemandandSupplyRpt" />
      <type name="Inecom_SDK_Reporting_Package.Notes" />
      <type name="Inecom_SDK_Reporting_Package.Notes_AP" />
      <type name="Inecom_SDK_Reporting_Package.OutgoingPayment" />
      <type name="Inecom_SDK_Reporting_Package.PageHeader" />
      <type name="Inecom_SDK_Reporting_Package.PaymentDraft" />
      <type name="Inecom_SDK_Reporting_Package.PaymentVoucher" />
      <type name="Inecom_SDK_Reporting_Package.PaymentVoucher_CBSEA2" />
      <type name="Inecom_SDK_Reporting_Package.PaymentVoucher_COM" />
      <type name="Inecom_SDK_Reporting_Package.PaymentVoucher_ECS88" />
      <type name="Inecom_SDK_Reporting_Package.PaymentVoucher_FA" />
      <type name="Inecom_SDK_Reporting_Package.PaymentVoucher_HOYSAN" />
      <type name="Inecom_SDK_Reporting_Package.PaymentVoucher_IN" />
      <type name="Inecom_SDK_Reporting_Package.PaymentVoucher_JCS" />
      <type name="Inecom_SDK_Reporting_Package.PaymentVoucher_KIRIN" />
      <type name="Inecom_SDK_Reporting_Package.PaymentVoucher_KIRIN_1" />
      <type name="Inecom_SDK_Reporting_Package.PaymentVoucher_NF" />
      <type name="Inecom_SDK_Reporting_Package.PaymentVoucher_Range" />
      <type name="Inecom_SDK_Reporting_Package.PaymentVoucher_SR" />
      <type name="Inecom_SDK_Reporting_Package.PaymentVoucher_TM" />
      <type name="Inecom_SDK_Reporting_Package.PaymentVoucher_TM_CN" />
      <type name="Inecom_SDK_Reporting_Package.PaymentVoucher_TM_INTH" />
      <type name="Inecom_SDK_Reporting_Package.PaymentVoucher_TM_SGMY" />
      <type name="Inecom_SDK_Reporting_Package.PaymentVoucher_TO" />
      <type name="Inecom_SDK_Reporting_Package.PaymentVoucher_TY" />
      <type name="Inecom_SDK_Reporting_Package.PaymentVoucher_TY_3" />
      <type name="Inecom_SDK_Reporting_Package.PaymentVoucher_WA_MY" />
      <type name="Inecom_SDK_Reporting_Package.PV_Seiwoo" />
      <type name="Inecom_SDK_Reporting_Package.PymntVoucher" />
      <type name="Inecom_SDK_Reporting_Package.RA" />
      <type name="Inecom_SDK_Reporting_Package.RA_IN" />
      <type name="Inecom_SDK_Reporting_Package.RemittanceAdvice_CBSEA" />
      <type name="Inecom_SDK_Reporting_Package.REVISED_RptReceipt_WA_MY" />
      <type name="Inecom_SDK_Reporting_Package.RPT_ABC" />
      <type name="Inecom_SDK_Reporting_Package.RPT_GLL" />
      <type name="Inecom_SDK_Reporting_Package.RPT_GST" />
      <type name="Inecom_SDK_Reporting_Package.RPT_GST_IN" />
      <type name="Inecom_SDK_Reporting_Package.RPT_GST_INHWA" />
      <type name="Inecom_SDK_Reporting_Package.RPT_GST_INHWA_MY" />
      <type name="Inecom_SDK_Reporting_Package.RPT_GST_KITS" />
      <type name="Inecom_SDK_Reporting_Package.RPT_GST_WA" />
      <type name="Inecom_SDK_Reporting_Package.rpt_Inhwa_Header" />
      <type name="Inecom_SDK_Reporting_Package.RPT_MRP" />
      <type name="Inecom_SDK_Reporting_Package.RPT_PO_PROJ" />
      <type name="Inecom_SDK_Reporting_Package.RPT_RLR" />
      <type name="Inecom_SDK_Reporting_Package.RPT_SO_PROJ" />
      <type name="Inecom_SDK_Reporting_Package.RPT_WAR" />
      <type name="Inecom_SDK_Reporting_Package.rptAPAgeing" />
      <type name="Inecom_SDK_Reporting_Package.rptAPAgeing_JCS" />
      <type name="Inecom_SDK_Reporting_Package.rptAPAgeingSummary" />
      <type name="Inecom_SDK_Reporting_Package.rptAPAgeingSummary_JCS" />
      <type name="Inecom_SDK_Reporting_Package.rptAPAgeingSummary_KITS" />
      <type name="Inecom_SDK_Reporting_Package.rptARAgeing" />
      <type name="Inecom_SDK_Reporting_Package.rptARAgeing_HH" />
      <type name="Inecom_SDK_Reporting_Package.rptARAgeing_IN" />
      <type name="Inecom_SDK_Reporting_Package.rptARAgeing_JCS" />
      <type name="Inecom_SDK_Reporting_Package.rptARAgeing_JCS_PROJ" />
      <type name="Inecom_SDK_Reporting_Package.rptARAgeing_TM" />
      <type name="Inecom_SDK_Reporting_Package.rptARAgeing6B" />
      <type name="Inecom_SDK_Reporting_Package.rptARAgeing6B_Safety" />
      <type name="Inecom_SDK_Reporting_Package.rptARAgeingSummary" />
      <type name="Inecom_SDK_Reporting_Package.rptARAgeingSummary_IN" />
      <type name="Inecom_SDK_Reporting_Package.rptARAgeingSummary_JCS" />
      <type name="Inecom_SDK_Reporting_Package.rptARAgeingSummary6B" />
      <type name="Inecom_SDK_Reporting_Package.rptARAgeingSummary6B_Safety" />
      <type name="Inecom_SDK_Reporting_Package.rptGPA" />
      <type name="Inecom_SDK_Reporting_Package.RptPayment" />
      <type name="Inecom_SDK_Reporting_Package.RptReceipt_FL" />
      <type name="Inecom_SDK_Reporting_Package.RptReceipt_IN" />
      <type name="Inecom_SDK_Reporting_Package.RptReceipt_KIRIN" />
      <type name="Inecom_SDK_Reporting_Package.RptReceipt_WA_MY" />
      <type name="Inecom_SDK_Reporting_Package.rptRecpPaym" />
      <type name="Inecom_SDK_Reporting_Package.rptRecpPaymSummary" />
      <type name="Inecom_SDK_Reporting_Package.rptTM_SAR" />
      <type name="Inecom_SDK_Reporting_Package.rptTM_SAR_V2" />
      <type name="Inecom_SDK_Reporting_Package.rptTM_SAR_V3" />
      <type name="Inecom_SDK_Reporting_Package.SA" />
      <type name="Inecom_SDK_Reporting_Package.SA_22" />
      <type name="Inecom_SDK_Reporting_Package.SA_AE" />
      <type name="Inecom_SDK_Reporting_Package.SA_AI" />
      <type name="Inecom_SDK_Reporting_Package.SA_AMS" />
      <type name="Inecom_SDK_Reporting_Package.SA_AP" />
      <type name="Inecom_SDK_Reporting_Package.SA_AP_BC" />
      <type name="Inecom_SDK_Reporting_Package.SA_AP_TO" />
      <type name="Inecom_SDK_Reporting_Package.SA_BAUMER" />
      <type name="Inecom_SDK_Reporting_Package.SA_BC" />
      <type name="Inecom_SDK_Reporting_Package.SA_GS" />
      <type name="Inecom_SDK_Reporting_Package.SA_HS_MY" />
      <type name="Inecom_SDK_Reporting_Package.SA_IN" />
      <type name="Inecom_SDK_Reporting_Package.SA_LG_BankDetail" />
      <type name="Inecom_SDK_Reporting_Package.SA_OM" />
      <type name="Inecom_SDK_Reporting_Package.SA_PwrInst" />
      <type name="Inecom_SDK_Reporting_Package.SA_SAF" />
      <type name="Inecom_SDK_Reporting_Package.SA_Seiwoo" />
      <type name="Inecom_SDK_Reporting_Package.SA_TO" />
      <type name="Inecom_SDK_Reporting_Package.SA_TOS" />
      <type name="Inecom_SDK_Reporting_Package.SA_WA_MY" />
      <type name="Inecom_SDK_Reporting_Package.My.MyProject/ThreadSafeObjectProvider`1&lt;T&gt;" />
      <type name="LicenseClient.My.MyProject/ThreadSafeObjectProvider`1&lt;T&gt;" />
      <type name="LicenseLib.My.MyProject/ThreadSafeObjectProvider`1&lt;T&gt;" />
    </excludelist>
    <mapping>
      <mapoutput overwrite="false">
        <file dir="${configdir}\Dotfuscated" name="Map.xml" />
      </mapoutput>
    </mapping>
  </renaming>
</dotfuscator>